{
    "name": "5va4",
    "molecule_types": [
        {
            "name": "A",
            "interfaces": [
                {
                    "name": "A1",
                    "coord": {
                        "x": 6.673152923583984,
                        "y": 9.15196418762207,
                        "z": 15.348620414733887
                    }
                },
                {
                    "name": "A2",
                    "coord": {
                        "x": -0.4010944366455078,
                        "y": 17.739261627197266,
                        "z": 17.125770568847656
                    }
                }
            ],
            "diffusion_translation": 112.89564514160156,
            "diffusion_rotation": 22.651445388793945
        }
    ],
    "reactions": [
        {
            "name": "A(A1) + A(A2) <-> A(A1!1).A(A2!1)",
            "binding_radius": 0.8927007913589478,
            "binding_angles": [
                "2.485035",
                "3.076813",
                "-1.744222",
                "-2.013864",
                "2.999796"
            ],
            "norm1": [
                0,
                0,
                1
            ],
            "norm2": [
                0,
                0,
                1
            ],
            "ka": 10,
            "kb": 7.907423753842006e-22
        }
    ]
}